"No.","Time","Source","Destination","Protocol","Length","Info"
"1","0.000000","10.0.0.216","23.218.42.32","UDP","71","55931  >  443 Len=29"
"2","0.028025","23.218.42.32","10.0.0.216","UDP","66","443  >  55931 Len=24"
"3","0.109059","10.0.0.216","142.251.42.106","UDP","71","56813  >  443 Len=29"
"4","0.149003","142.251.42.106","10.0.0.216","UDP","66","443  >  56813 Len=24"
"5","0.841247","172.64.148.235","10.0.0.216","TLSv1.2","78","Application Data"
"6","0.841395","10.0.0.216","172.64.148.235","TLSv1.2","82","Application Data"
"7","0.843369","172.64.148.235","10.0.0.216","TCP","60","443  >  60567 [ACK] Seq=25 Ack=29 Win=16 Len=0"
"8","2.301967","10.0.0.216","3.124.160.96","ICMP","74","Echo (ping) request  id=0x0001, seq=1216/49156, ttl=128 (no response found!)"
"9","2.369348","TechnicolorD_a5:3d:7c","Broadcast","ARP","60","Who has 10.0.0.101? Tell 10.0.0.138"
"10","2.610628","10.0.0.102","10.0.0.255","UDP","348","49718  >  5002 Len=306"
"11","2.616337","10.0.0.88","10.0.0.255","UDP","348","51245  >  5002 Len=306"
"12","2.821536","10.0.0.216","3.124.160.96","TCP","66","62010  >  443 [SYN] Seq=0 Win=64240 Len=0 MSS=1460 WS=256 SACK_PERM"
"13","3.062556","3.124.160.96","10.0.0.216","TCP","66","443  >  62010 [SYN, ACK] Seq=0 Ack=1 Win=26883 Len=0 MSS=1460 SACK_PERM WS=256"
"14","3.062650","10.0.0.216","3.124.160.96","TCP","54","62010  >  443 [ACK] Seq=1 Ack=1 Win=65536 Len=0"
"15","3.062752","10.0.0.216","3.124.160.96","TCP","54","62010  >  443 [FIN, ACK] Seq=1 Ack=1 Win=65536 Len=0"
"16","3.303865","3.124.160.96","10.0.0.216","TCP","60","443  >  62010 [FIN, ACK] Seq=1 Ack=2 Win=27136 Len=0"
"17","3.303919","10.0.0.216","3.124.160.96","TCP","54","62010  >  443 [ACK] Seq=2 Ack=2 Win=65536 Len=0"
"18","3.733026","MicroStarINT_81:18:94","Broadcast","ARP","42","Who has 10.0.0.191? Tell 10.0.0.216"
"19","3.845891","Intel_80:04:a3","MicroStarINT_81:18:94","ARP","60","10.0.0.145 is at e4:60:17:80:04:a3"
"20","4.313231","MicroStarINT_81:18:94","Broadcast","ARP","42","Who has 10.0.0.191? Tell 10.0.0.216"
"21","4.408693","63.182.85.211","10.0.0.216","TCP","1514","443  >  57066 [ACK] Seq=1 Ack=1 Win=126 Len=1460 [TCP segment of a reassembled PDU]"
"22","4.409907","63.182.85.211","10.0.0.216","TCP","1514","443  >  57066 [ACK] Seq=1461 Ack=1 Win=126 Len=1460 [TCP segment of a reassembled PDU]"
"23","4.409921","10.0.0.216","63.182.85.211","TCP","54","57066  >  443 [ACK] Seq=1 Ack=2921 Win=256 Len=0"
"24","4.411143","63.182.85.211","10.0.0.216","TCP","1514","443  >  57066 [ACK] Seq=2921 Ack=1 Win=126 Len=1460 [TCP segment of a reassembled PDU]"
"25","4.412366","63.182.85.211","10.0.0.216","TCP","1514","443  >  57066 [ACK] Seq=4381 Ack=1 Win=126 Len=1460 [TCP segment of a reassembled PDU]"
"26","4.412374","10.0.0.216","63.182.85.211","TCP","54","57066  >  443 [ACK] Seq=1 Ack=5841 Win=256 Len=0"
"27","4.413440","63.182.85.211","10.0.0.216","TLSv1.2","1319","Application Data"
"28","4.453926","10.0.0.216","63.182.85.211","TCP","54","57066  >  443 [ACK] Seq=1 Ack=7106 Win=251 Len=0"
"29","4.460635","Intel_80:04:a3","MicroStarINT_81:18:94","ARP","60","10.0.0.145 is at e4:60:17:80:04:a3"
"30","4.548763","10.0.0.216","35.186.224.35","TLSv1.2","89","Application Data"
"31","4.551554","35.186.224.35","10.0.0.216","TCP","60","443  >  57189 [ACK] Seq=1 Ack=36 Win=1051 Len=0"
"32","4.929228","TechnicolorD_a5:3d:7c","Broadcast","ARP","60","Who has 10.0.0.97? Tell 10.0.0.138"
"33","5.026316","63.182.85.211","10.0.0.216","TCP","1514","443  >  57066 [ACK] Seq=7106 Ack=1 Win=126 Len=1460 [TCP segment of a reassembled PDU]"
"34","5.027539","63.182.85.211","10.0.0.216","TCP","1514","443  >  57066 [ACK] Seq=8566 Ack=1 Win=126 Len=1460 [TCP segment of a reassembled PDU]"
"35","5.027558","10.0.0.216","63.182.85.211","TCP","54","57066  >  443 [ACK] Seq=1 Ack=10026 Win=256 Len=0"
"36","5.028766","63.182.85.211","10.0.0.216","TCP","1514","443  >  57066 [ACK] Seq=10026 Ack=1 Win=126 Len=1460 [TCP segment of a reassembled PDU]"
"37","5.029996","63.182.85.211","10.0.0.216","TCP","1514","443  >  57066 [ACK] Seq=11486 Ack=1 Win=126 Len=1460 [TCP segment of a reassembled PDU]"
"38","5.030004","10.0.0.216","63.182.85.211","TCP","54","57066  >  443 [ACK] Seq=1 Ack=12946 Win=256 Len=0"
"39","5.031165","63.182.85.211","10.0.0.216","TLSv1.2","1434","Application Data"
"40","5.073296","10.0.0.216","63.182.85.211","TCP","54","57066  >  443 [ACK] Seq=1 Ack=14326 Win=251 Len=0"
"41","5.295662","142.251.42.106","10.0.0.216","UDP","119","443  >  56813 Len=77"
"42","5.325896","MicroStarINT_81:18:94","Broadcast","ARP","42","Who has 10.0.0.191? Tell 10.0.0.216"
"43","5.326020","10.0.0.216","142.251.42.106","UDP","74","56813  >  443 Len=32"
"44","5.381803","Intel_80:04:a3","MicroStarINT_81:18:94","ARP","60","10.0.0.145 is at e4:60:17:80:04:a3"
"45","5.806131","63.182.85.211","10.0.0.216","TCP","1514","443  >  57066 [ACK] Seq=14326 Ack=1 Win=126 Len=1460 [TCP segment of a reassembled PDU]"
"46","5.807344","63.182.85.211","10.0.0.216","TCP","1514","443  >  57066 [ACK] Seq=15786 Ack=1 Win=126 Len=1460 [TCP segment of a reassembled PDU]"
"47","5.807359","10.0.0.216","63.182.85.211","TCP","54","57066  >  443 [ACK] Seq=1 Ack=17246 Win=256 Len=0"
"48","5.807721","63.182.85.211","10.0.0.216","TLSv1.2","455","Application Data"
"49","5.851114","10.0.0.216","63.182.85.211","TCP","54","57066  >  443 [ACK] Seq=1 Ack=17647 Win=255 Len=0"
"50","5.934159","TechnicolorD_a5:3d:7c","Broadcast","ARP","60","Who has 10.0.0.117? Tell 10.0.0.138"
"51","6.288576","63.182.85.211","10.0.0.216","TCP","1514","443  >  57066 [ACK] Seq=17647 Ack=1 Win=126 Len=1460 [TCP segment of a reassembled PDU]"
"52","6.289784","63.182.85.211","10.0.0.216","TCP","1514","443  >  57066 [ACK] Seq=19107 Ack=1 Win=126 Len=1460 [TCP segment of a reassembled PDU]"
"53","6.289799","10.0.0.216","63.182.85.211","TCP","54","57066  >  443 [ACK] Seq=1 Ack=20567 Win=256 Len=0"
"54","6.291014","63.182.85.211","10.0.0.216","TCP","1514","443  >  57066 [ACK] Seq=20567 Ack=1 Win=126 Len=1460 [TCP segment of a reassembled PDU]"
"55","6.292245","63.182.85.211","10.0.0.216","TCP","1514","443  >  57066 [ACK] Seq=22027 Ack=1 Win=126 Len=1460 [TCP segment of a reassembled PDU]"
"56","6.292253","10.0.0.216","63.182.85.211","TCP","54","57066  >  443 [ACK] Seq=1 Ack=23487 Win=256 Len=0"
"57","6.293317","63.182.85.211","10.0.0.216","TLSv1.2","1318","Application Data"
"58","6.343064","10.0.0.216","63.182.85.211","TCP","54","57066  >  443 [ACK] Seq=1 Ack=24751 Win=251 Len=0"
"59","6.389423","142.250.195.234","10.0.0.216","UDP","122","443  >  53034 Len=80"
"60","6.406175","10.0.0.216","142.250.195.234","UDP","75","53034  >  443 Len=33"
"61","6.436125","10.0.0.216","23.218.42.32","UDP","71","55931  >  443 Len=29"
"62","6.463914","23.218.42.32","10.0.0.216","UDP","66","443  >  55931 Len=24"
"63","6.540697","63.182.85.211","10.0.0.216","TCP","1514","443  >  57066 [ACK] Seq=24751 Ack=1 Win=126 Len=1460 [TCP segment of a reassembled PDU]"
"64","6.541912","63.182.85.211","10.0.0.216","TCP","1514","443  >  57066 [ACK] Seq=26211 Ack=1 Win=126 Len=1460 [TCP segment of a reassembled PDU]"
"65","6.541928","10.0.0.216","63.182.85.211","TCP","54","57066  >  443 [ACK] Seq=1 Ack=27671 Win=256 Len=0"
"66","6.543140","63.182.85.211","10.0.0.216","TCP","1514","443  >  57066 [ACK] Seq=27671 Ack=1 Win=126 Len=1460 [TCP segment of a reassembled PDU]"
"67","6.544369","63.182.85.211","10.0.0.216","TCP","1514","443  >  57066 [ACK] Seq=29131 Ack=1 Win=126 Len=1460 [TCP segment of a reassembled PDU]"
"68","6.544376","10.0.0.216","63.182.85.211","TCP","54","57066  >  443 [ACK] Seq=1 Ack=30591 Win=256 Len=0"
"69","6.545450","63.182.85.211","10.0.0.216","TLSv1.2","1318","Application Data"
"70","6.594634","10.0.0.216","63.182.85.211","TCP","54","57066  >  443 [ACK] Seq=1 Ack=31855 Win=251 Len=0"
"71","6.752184","10.0.0.216","104.18.2.201","TCP","55","55869  >  443 [ACK] Seq=1 Ack=1 Win=254 Len=1 [TCP segment of a reassembled PDU]"
"72","6.754076","104.18.2.201","10.0.0.216","TCP","66","443  >  55869 [ACK] Seq=1 Ack=2 Win=17 Len=0 SLE=1 SRE=2"
"73","7.797991","10.0.0.216","162.159.134.234","TLSv1.2","175","Application Data"
"74","7.799954","162.159.134.234","10.0.0.216","TCP","60","443  >  55864 [ACK] Seq=1 Ack=122 Win=19 Len=0"
"75","8.022505","162.159.134.234","10.0.0.216","TLSv1.2","88","Application Data"
"76","8.066747","10.0.0.216","162.159.134.234","TCP","54","55864  >  443 [ACK] Seq=122 Ack=35 Win=254 Len=0"
"77","8.378575","63.182.85.211","10.0.0.216","TCP","1514","443  >  57066 [ACK] Seq=31855 Ack=1 Win=126 Len=1460 [TCP segment of a reassembled PDU]"
"78","8.379794","63.182.85.211","10.0.0.216","TCP","1514","443  >  57066 [ACK] Seq=33315 Ack=1 Win=126 Len=1460 [TCP segment of a reassembled PDU]"
"79","8.379815","10.0.0.216","63.182.85.211","TCP","54","57066  >  443 [ACK] Seq=1 Ack=34775 Win=256 Len=0"
"80","8.381021","63.182.85.211","10.0.0.216","TCP","1514","443  >  57066 [ACK] Seq=34775 Ack=1 Win=126 Len=1460 [TCP segment of a reassembled PDU]"
"81","8.382249","63.182.85.211","10.0.0.216","TCP","1514","443  >  57066 [ACK] Seq=36235 Ack=1 Win=126 Len=1460 [TCP segment of a reassembled PDU]"
"82","8.382256","10.0.0.216","63.182.85.211","TCP","54","57066  >  443 [ACK] Seq=1 Ack=37695 Win=256 Len=0"
"83","8.383249","63.182.85.211","10.0.0.216","TLSv1.2","1228","Application Data"
"84","8.426963","10.0.0.216","63.182.85.211","TCP","54","57066  >  443 [ACK] Seq=1 Ack=38869 Win=252 Len=0"
"85","8.774010","63.182.85.211","10.0.0.216","TCP","1514","443  >  57066 [ACK] Seq=38869 Ack=1 Win=126 Len=1460 [TCP segment of a reassembled PDU]"
"86","8.775224","63.182.85.211","10.0.0.216","TCP","1514","443  >  57066 [ACK] Seq=40329 Ack=1 Win=126 Len=1460 [TCP segment of a reassembled PDU]"
"87","8.775240","10.0.0.216","63.182.85.211","TCP","54","57066  >  443 [ACK] Seq=1 Ack=41789 Win=256 Len=0"
"88","8.776453","63.182.85.211","10.0.0.216","TCP","1514","443  >  57066 [ACK] Seq=41789 Ack=1 Win=126 Len=1460 [TCP segment of a reassembled PDU]"
"89","8.777684","63.182.85.211","10.0.0.216","TCP","1514","443  >  57066 [ACK] Seq=43249 Ack=1 Win=126 Len=1460 [TCP segment of a reassembled PDU]"
"90","8.777700","10.0.0.216","63.182.85.211","TCP","54","57066  >  443 [ACK] Seq=1 Ack=44709 Win=256 Len=0"
"91","8.778848","63.182.85.211","10.0.0.216","TLSv1.2","1433","Application Data"
"92","8.823779","10.0.0.216","63.182.85.211","TCP","54","57066  >  443 [ACK] Seq=1 Ack=46088 Win=251 Len=0"
"93","9.094008","10.0.0.216","142.251.222.14","UDP","71","49573  >  443 Len=29"
"94","9.112602","142.251.222.14","10.0.0.216","UDP","68","443  >  49573 Len=26"
"95","9.215626","63.182.85.211","10.0.0.216","TCP","1514","443  >  57066 [ACK] Seq=46088 Ack=1 Win=126 Len=1460 [TCP segment of a reassembled PDU]"
"96","9.216845","63.182.85.211","10.0.0.216","TCP","1514","443  >  57066 [ACK] Seq=47548 Ack=1 Win=126 Len=1460 [TCP segment of a reassembled PDU]"
"97","9.216859","10.0.0.216","63.182.85.211","TCP","54","57066  >  443 [ACK] Seq=1 Ack=49008 Win=256 Len=0"
"98","9.218076","63.182.85.211","10.0.0.216","TCP","1514","443  >  57066 [ACK] Seq=49008 Ack=1 Win=126 Len=1460 [TCP segment of a reassembled PDU]"
"99","9.219306","63.182.85.211","10.0.0.216","TCP","1514","443  >  57066 [ACK] Seq=50468 Ack=1 Win=126 Len=1460 [TCP segment of a reassembled PDU]"
"100","9.219314","10.0.0.216","63.182.85.211","TCP","54","57066  >  443 [ACK] Seq=1 Ack=51928 Win=256 Len=0"
"101","9.220378","63.182.85.211","10.0.0.216","TLSv1.2","1318","Application Data"
"102","9.268890","10.0.0.216","63.182.85.211","TCP","54","57066  >  443 [ACK] Seq=1 Ack=53192 Win=251 Len=0"
"103","10.180754","63.182.85.211","10.0.0.216","TCP","1514","443  >  57066 [ACK] Seq=53192 Ack=1 Win=126 Len=1460 [TCP segment of a reassembled PDU]"
"104","10.181970","63.182.85.211","10.0.0.216","TCP","1514","443  >  57066 [ACK] Seq=54652 Ack=1 Win=126 Len=1460 [TCP segment of a reassembled PDU]"
"105","10.181985","10.0.0.216","63.182.85.211","TCP","54","57066  >  443 [ACK] Seq=1 Ack=56112 Win=256 Len=0"
"106","10.183202","63.182.85.211","10.0.0.216","TCP","1514","443  >  57066 [ACK] Seq=56112 Ack=1 Win=126 Len=1460 [TCP segment of a reassembled PDU]"
"107","10.184433","63.182.85.211","10.0.0.216","TCP","1514","443  >  57066 [ACK] Seq=57572 Ack=1 Win=126 Len=1460 [TCP segment of a reassembled PDU]"
"108","10.184441","10.0.0.216","63.182.85.211","TCP","54","57066  >  443 [ACK] Seq=1 Ack=59032 Win=256 Len=0"
"109","10.185595","63.182.85.211","10.0.0.216","TLSv1.2","1432","Application Data"
"110","10.239238","10.0.0.216","63.182.85.211","TCP","54","57066  >  443 [ACK] Seq=1 Ack=60410 Win=251 Len=0"
"111","10.798049","63.182.85.211","10.0.0.216","TCP","1514","443  >  57066 [ACK] Seq=60410 Ack=1 Win=126 Len=1460 [TCP segment of a reassembled PDU]"
"112","10.799267","63.182.85.211","10.0.0.216","TCP","1514","443  >  57066 [ACK] Seq=61870 Ack=1 Win=126 Len=1460 [TCP segment of a reassembled PDU]"
"113","10.799288","10.0.0.216","63.182.85.211","TCP","54","57066  >  443 [ACK] Seq=1 Ack=63330 Win=256 Len=0"
"114","10.800495","63.182.85.211","10.0.0.216","TCP","1514","443  >  57066 [ACK] Seq=63330 Ack=1 Win=126 Len=1460 [TCP segment of a reassembled PDU]"
"115","10.801730","63.182.85.211","10.0.0.216","TCP","1514","443  >  57066 [ACK] Seq=64790 Ack=1 Win=126 Len=1460 [TCP segment of a reassembled PDU]"
"116","10.801738","10.0.0.216","63.182.85.211","TCP","54","57066  >  443 [ACK] Seq=1 Ack=66250 Win=256 Len=0"
"117","10.802716","63.182.85.211","10.0.0.216","TLSv1.2","1215","Application Data"
"118","10.817094","TechnicolorD_a5:3d:7c","Broadcast","ARP","60","Who has 10.0.0.88? Tell 10.0.0.138"
"119","10.846097","10.0.0.216","63.182.85.211","TCP","54","57066  >  443 [ACK] Seq=1 Ack=67411 Win=252 Len=0"
"120","11.038748","10.0.0.102","10.0.0.255","UDP","348","49718  >  5002 Len=306"
"121","11.046005","10.0.0.88","10.0.0.255","UDP","348","51245  >  5002 Len=306"
"122","11.096324","63.182.85.211","10.0.0.216","TCP","1514","443  >  57066 [ACK] Seq=67411 Ack=1 Win=126 Len=1460 [TCP segment of a reassembled PDU]"
"123","11.097539","63.182.85.211","10.0.0.216","TCP","1514","443  >  57066 [ACK] Seq=68871 Ack=1 Win=126 Len=1460 [TCP segment of a reassembled PDU]"
"124","11.097554","10.0.0.216","63.182.85.211","TCP","54","57066  >  443 [ACK] Seq=1 Ack=70331 Win=256 Len=0"
"125","11.098770","63.182.85.211","10.0.0.216","TCP","1514","443  >  57066 [ACK] Seq=70331 Ack=1 Win=126 Len=1460 [TCP segment of a reassembled PDU]"
"126","11.100004","63.182.85.211","10.0.0.216","TCP","1514","443  >  57066 [ACK] Seq=71791 Ack=1 Win=126 Len=1460 [TCP segment of a reassembled PDU]"
"127","11.100022","10.0.0.216","63.182.85.211","TCP","54","57066  >  443 [ACK] Seq=1 Ack=73251 Win=256 Len=0"
"128","11.101166","63.182.85.211","10.0.0.216","TLSv1.2","1432","Application Data"
"129","11.145790","13.227.180.4","10.0.0.216","TLSv1.2","154","Application Data"
"130","11.145942","10.0.0.216","13.227.180.4","TLSv1.2","158","Application Data"
"131","11.146730","10.0.0.216","63.182.85.211","TCP","54","57066  >  443 [ACK] Seq=1 Ack=74629 Win=251 Len=0"
"132","11.147532","13.227.180.4","10.0.0.216","TCP","60","443  >  60942 [ACK] Seq=101 Ack=105 Win=168 Len=0"
"133","11.405129","63.182.85.211","10.0.0.216","TCP","1514","443  >  57066 [ACK] Seq=74629 Ack=1 Win=126 Len=1460 [TCP segment of a reassembled PDU]"
"134","11.406347","63.182.85.211","10.0.0.216","TCP","1514","443  >  57066 [ACK] Seq=76089 Ack=1 Win=126 Len=1460 [TCP segment of a reassembled PDU]"
"135","11.406367","10.0.0.216","63.182.85.211","TCP","54","57066  >  443 [ACK] Seq=1 Ack=77549 Win=256 Len=0"
"136","11.407574","63.182.85.211","10.0.0.216","TCP","1514","443  >  57066 [ACK] Seq=77549 Ack=1 Win=126 Len=1460 [TCP segment of a reassembled PDU]"
"137","11.408803","63.182.85.211","10.0.0.216","TCP","1514","443  >  57066 [ACK] Seq=79009 Ack=1 Win=126 Len=1460 [TCP segment of a reassembled PDU]"
"138","11.408813","10.0.0.216","63.182.85.211","TCP","54","57066  >  443 [ACK] Seq=1 Ack=80469 Win=256 Len=0"
"139","11.409788","63.182.85.211","10.0.0.216","TLSv1.2","1213","Application Data"
"140","11.461982","10.0.0.216","63.182.85.211","TCP","54","57066  >  443 [ACK] Seq=1 Ack=81628 Win=252 Len=0"
"141","11.462236","10.0.0.138","239.255.255.250","SSDP","450","NOTIFY * HTTP/1.1 "
"142","11.462670","10.0.0.138","239.255.255.250","SSDP","522","NOTIFY * HTTP/1.1 "
"143","11.463125","10.0.0.138","239.255.255.250","SSDP","459","NOTIFY * HTTP/1.1 "
"144","11.463488","10.0.0.138","239.255.255.250","SSDP","518","NOTIFY * HTTP/1.1 "
"145","11.463874","10.0.0.138","239.255.255.250","SSDP","459","NOTIFY * HTTP/1.1 "
"146","11.464291","10.0.0.138","239.255.255.250","SSDP","498","NOTIFY * HTTP/1.1 "
"147","11.464677","10.0.0.138","239.255.255.250","SSDP","459","NOTIFY * HTTP/1.1 "
"148","11.465121","10.0.0.138","239.255.255.250","SSDP","530","NOTIFY * HTTP/1.1 "
"149","11.465549","10.0.0.138","239.255.255.250","SSDP","512","NOTIFY * HTTP/1.1 "
"150","11.465980","10.0.0.138","239.255.255.250","SSDP","514","NOTIFY * HTTP/1.1 "
"151","11.722415","63.182.85.211","10.0.0.216","TCP","1514","443  >  57066 [ACK] Seq=81628 Ack=1 Win=126 Len=1460 [TCP segment of a reassembled PDU]"
"152","11.723630","63.182.85.211","10.0.0.216","TCP","1514","443  >  57066 [ACK] Seq=83088 Ack=1 Win=126 Len=1460 [TCP segment of a reassembled PDU]"
"153","11.723644","10.0.0.216","63.182.85.211","TCP","54","57066  >  443 [ACK] Seq=1 Ack=84548 Win=256 Len=0"
"154","11.724858","63.182.85.211","10.0.0.216","TCP","1514","443  >  57066 [ACK] Seq=84548 Ack=1 Win=126 Len=1460 [TCP segment of a reassembled PDU]"
"155","11.726089","63.182.85.211","10.0.0.216","TCP","1514","443  >  57066 [ACK] Seq=86008 Ack=1 Win=126 Len=1460 [TCP segment of a reassembled PDU]"
"156","11.726103","10.0.0.216","63.182.85.211","TCP","54","57066  >  443 [ACK] Seq=1 Ack=87468 Win=256 Len=0"
"157","11.727253","63.182.85.211","10.0.0.216","TLSv1.2","1432","Application Data"
"158","11.746782","10.0.0.216","172.188.155.25","TCP","55","58943  >  443 [ACK] Seq=1 Ack=1 Win=252 Len=1 [TCP segment of a reassembled PDU]"
"159","11.776758","10.0.0.216","63.182.85.211","TCP","54","57066  >  443 [ACK] Seq=1 Ack=88846 Win=251 Len=0"
"160","11.833313","172.188.155.25","10.0.0.216","TCP","66","443  >  58943 [ACK] Seq=1 Ack=2 Win=298 Len=0 SLE=1 SRE=2"
"161","11.834482","23.218.42.32","10.0.0.216","UDP","73","443  >  55931 Len=31"
"162","11.870408","10.0.0.216","23.218.42.32","UDP","74","55931  >  443 Len=32"
"163","11.872094","23.218.42.32","10.0.0.216","UDP","73","443  >  55931 Len=31"
"164","11.872160","10.0.0.216","23.218.42.32","UDP","75","55931  >  443 Len=33"
"165","11.910440","151.101.81.91","10.0.0.216","TLSv1.2","93","Application Data"
"166","11.910531","151.101.81.91","10.0.0.216","TLSv1.2","110","Application Data"
"167","11.910544","10.0.0.216","151.101.81.91","TCP","54","61053  >  443 [ACK] Seq=1 Ack=96 Win=256 Len=0"
"168","11.918077","10.0.0.216","151.101.81.91","TLSv1.2","89","Application Data"
"169","11.918105","10.0.0.216","151.101.81.91","TLSv1.2","89","Application Data"
"170","11.918115","10.0.0.216","151.101.81.91","TLSv1.2","89","Application Data"
"171","11.918125","10.0.0.216","151.101.81.91","TLSv1.2","89","Application Data"
"172","11.920495","151.101.81.91","10.0.0.216","TCP","60","443  >  61053 [ACK] Seq=96 Ack=36 Win=282 Len=0"
"173","11.920557","151.101.81.91","10.0.0.216","TCP","60","443  >  61053 [ACK] Seq=96 Ack=71 Win=282 Len=0"
"174","11.920624","151.101.81.91","10.0.0.216","TCP","60","443  >  61053 [ACK] Seq=96 Ack=106 Win=282 Len=0"
"175","11.920691","151.101.81.91","10.0.0.216","TCP","60","443  >  61053 [ACK] Seq=96 Ack=141 Win=282 Len=0"
"176","12.043107","10.0.0.216","23.218.42.32","UDP","71","55931  >  443 Len=29"
"177","12.070351","23.218.42.32","10.0.0.216","UDP","66","443  >  55931 Len=24"
"178","12.277424","10.0.0.216","23.218.42.32","UDP","71","55931  >  443 Len=29"
"179","12.304735","23.218.42.32","10.0.0.216","UDP","66","443  >  55931 Len=24"
"180","12.334213","23.218.42.32","10.0.0.216","UDP","66","443  >  55931 Len=24"
"181","12.371561","10.0.0.216","23.218.42.32","UDP","74","55931  >  443 Len=32"
"182","12.511519","10.0.0.216","23.218.42.32","UDP","71","55931  >  443 Len=29"
"183","12.539379","23.218.42.32","10.0.0.216","UDP","66","443  >  55931 Len=24"
"184","12.742076","10.0.0.216","23.218.42.32","UDP","71","55931  >  443 Len=29"
"185","12.769625","23.218.42.32","10.0.0.216","UDP","66","443  >  55931 Len=24"
"186","12.883935","10.0.0.216","4.237.22.41","TCP","55","61976  >  443 [ACK] Seq=1 Ack=1 Win=257 Len=1 [TCP segment of a reassembled PDU]"
"187","12.896618","4.237.22.41","10.0.0.216","TCP","66","443  >  61976 [ACK] Seq=1 Ack=2 Win=116 Len=0 SLE=1 SRE=2"
"188","12.979282","10.0.0.216","23.218.42.32","UDP","71","55931  >  443 Len=29"
"189","13.006632","23.218.42.32","10.0.0.216","UDP","66","443  >  55931 Len=24"
"190","13.211547","10.0.0.216","23.218.42.32","UDP","71","55931  >  443 Len=29"
"191","13.239005","23.218.42.32","10.0.0.216","UDP","66","443  >  55931 Len=24"
"192","13.305215","10.0.0.216","3.124.160.96","ICMP","74","Echo (ping) request  id=0x0001, seq=1217/49412, ttl=128 (no response found!)"
"193","13.305289","1c:1d:d3:e2:c5:9f","Broadcast","ARP","60","Who has 169.254.1.0? Tell 10.0.0.102"
"194","13.311611","b6:47:fa:08:35:61","Broadcast","ARP","60","Who has 169.254.1.0? Tell 10.0.0.88"
"195","13.449278","10.0.0.216","23.218.42.32","UDP","71","55931  >  443 Len=29"
"196","13.476442","23.218.42.32","10.0.0.216","UDP","66","443  >  55931 Len=24"
"197","13.686004","10.0.0.216","23.218.42.32","UDP","71","55931  >  443 Len=29"
"198","13.713493","23.218.42.32","10.0.0.216","UDP","66","443  >  55931 Len=24"
"199","13.812556","MicroStarINT_81:18:94","Broadcast","ARP","42","Who has 10.0.0.191? Tell 10.0.0.216"
"200","13.813418","10.0.0.216","3.124.160.96","TCP","66","62015  >  443 [SYN] Seq=0 Win=64240 Len=0 MSS=1460 WS=256 SACK_PERM"
"201","13.983196","Intel_80:04:a3","MicroStarINT_81:18:94","ARP","60","10.0.0.145 is at e4:60:17:80:04:a3"
"202","14.054053","3.124.160.96","10.0.0.216","TCP","66","443  >  62015 [SYN, ACK] Seq=0 Ack=1 Win=26883 Len=0 MSS=1460 SACK_PERM WS=256"
"203","14.054130","10.0.0.216","3.124.160.96","TCP","54","62015  >  443 [ACK] Seq=1 Ack=1 Win=65536 Len=0"
"204","14.054219","10.0.0.216","3.124.160.96","TCP","54","62015  >  443 [FIN, ACK] Seq=1 Ack=1 Win=65536 Len=0"
"205","14.066697","10.0.0.216","142.250.4.188","TCP","55","58936  >  5228 [ACK] Seq=1 Ack=1 Win=256 Len=1"
"206","14.066700","10.0.0.216","142.250.4.188","TCP","55","58938  >  5228 [ACK] Seq=1 Ack=1 Win=256 Len=1"
"207","14.129657","10.0.0.216","23.218.42.32","UDP","71","55931  >  443 Len=29"
"208","14.153309","142.250.4.188","10.0.0.216","TCP","66","5228  >  58938 [ACK] Seq=1 Ack=2 Win=1046 Len=0 SLE=1 SRE=2"
"209","14.155675","142.250.4.188","10.0.0.216","TCP","66","5228  >  58936 [ACK] Seq=1 Ack=2 Win=1046 Len=0 SLE=1 SRE=2"
"210","14.156943","23.218.42.32","10.0.0.216","UDP","66","443  >  55931 Len=24"
"211","14.295399","3.124.160.96","10.0.0.216","TCP","60","443  >  62015 [FIN, ACK] Seq=1 Ack=2 Win=27136 Len=0"
"212","14.295458","10.0.0.216","3.124.160.96","TCP","54","62015  >  443 [ACK] Seq=2 Ack=2 Win=65536 Len=0"
"213","14.382120","10.0.0.216","23.206.199.208","TCP","55","61919  >  443 [ACK] Seq=1 Ack=1 Win=255 Len=1 [TCP segment of a reassembled PDU]"
"214","14.384134","23.206.199.208","10.0.0.216","TCP","66","443  >  61919 [ACK] Seq=1 Ack=2 Win=501 Len=0 SLE=1 SRE=2"
"215","14.553719","1c:1d:d3:e2:c5:9f","Broadcast","ARP","60","Who has 169.254.1.0? Tell 10.0.0.102"
"216","14.556724","b6:47:fa:08:35:61","Broadcast","ARP","60","Who has 169.254.1.0? Tell 10.0.0.88"
"217","14.821339","MicroStarINT_81:18:94","Broadcast","ARP","42","Who has 10.0.0.191? Tell 10.0.0.216"
"218","14.868566","10.0.0.216","35.186.224.39","TLSv1.2","97","Application Data"
"219","14.870677","35.186.224.39","10.0.0.216","TCP","60","443  >  55980 [ACK] Seq=1 Ack=44 Win=1043 Len=0"
"220","14.871690","142.250.195.234","10.0.0.216","UDP","202","443  >  53034 Len=160"
"221","14.883384","10.0.0.216","142.250.195.234","UDP","75","53034  >  443 Len=33"
"222","14.907218","Intel_80:04:a3","MicroStarINT_81:18:94","ARP","60","10.0.0.145 is at e4:60:17:80:04:a3"
"223","14.962993","10.0.0.216","23.218.42.32","UDP","71","55931  >  443 Len=29"
"224","14.991541","23.218.42.32","10.0.0.216","UDP","66","443  >  55931 Len=24"
"225","15.002838","35.186.224.39","10.0.0.216","TLSv1.2","94","Application Data"
"226","15.057863","10.0.0.216","35.186.224.39","TCP","54","55980  >  443 [ACK] Seq=44 Ack=41 Win=255 Len=0"
"227","15.732223","104.18.2.201","10.0.0.216","TLSv1.2","78","Application Data"
"228","15.732378","10.0.0.216","104.18.2.201","TLSv1.2","82","Ignored Unknown Record"
"229","15.734592","104.18.2.201","10.0.0.216","TCP","60","443  >  55869 [ACK] Seq=25 Ack=30 Win=17 Len=0"
"230","15.801451","1c:1d:d3:e2:c5:9f","Broadcast","ARP","60","Who has 169.254.1.0? Tell 10.0.0.102"
"231","15.807518","b6:47:fa:08:35:61","Broadcast","ARP","60","Who has 169.254.1.0? Tell 10.0.0.88"
"232","15.819257","MicroStarINT_81:18:94","Broadcast","ARP","42","Who has 10.0.0.191? Tell 10.0.0.216"
"233","16.133553","Intel_80:04:a3","MicroStarINT_81:18:94","ARP","60","10.0.0.145 is at e4:60:17:80:04:a3"
"234","16.343057","10.0.0.216","40.79.150.121","TCP","55","61682  >  443 [ACK] Seq=1 Ack=1 Win=256 Len=1 [TCP segment of a reassembled PDU]"
"235","16.466533","142.250.195.234","10.0.0.216","UDP","121","443  >  53034 Len=79"
"236","16.467803","10.0.0.102","255.255.255.255","UDP","82","55303  >  1947 Len=40"
"237","16.485201","10.0.0.216","142.250.195.234","UDP","75","53034  >  443 Len=33"
"238","16.576979","40.79.150.121","10.0.0.216","TCP","66","443  >  61682 [ACK] Seq=1 Ack=2 Win=16381 Len=0 SLE=1 SRE=2"
"239","16.594177","10.0.0.216","23.218.42.32","UDP","71","55931  >  443 Len=29"
"240","16.622110","23.218.42.32","10.0.0.216","UDP","66","443  >  55931 Len=24"
"241","16.680241","142.250.195.234","10.0.0.216","UDP","122","443  >  53034 Len=80"
"242","16.686116","10.0.0.216","142.250.195.234","UDP","75","53034  >  443 Len=33"
"243","17.036236","10.0.0.216","142.250.195.227","QUIC","1292","Initial, DCID=c602c7accc994539, PKN: 1, CRYPTO, PING, CRYPTO, PING, PING, CRYPTO, CRYPTO, PADDING, PING, CRYPTO, PADDING, CRYPTO, CRYPTO, PING, CRYPTO, PING"
"244","17.036266","10.0.0.216","142.250.195.227","QUIC","1292","Initial, DCID=c602c7accc994539, PKN: 2, PADDING, PING, PADDING, CRYPTO, PING, PADDING, CRYPTO, PING, PADDING, CRYPTO, PING, CRYPTO, CRYPTO"
"245","17.036372","10.0.0.216","142.250.195.227","QUIC","120","0-RTT, DCID=c602c7accc994539"
"246","17.036554","10.0.0.216","142.250.195.227","QUIC","949","0-RTT, DCID=c602c7accc994539"
"247","17.045779","1c:1d:d3:e2:c5:9f","Broadcast","ARP","60","Who has 169.254.1.0? Tell 10.0.0.102"
"248","17.048450","b6:47:fa:08:35:61","Broadcast","ARP","60","Who has 169.254.1.0? Tell 10.0.0.88"
"249","17.051922","142.250.195.227","10.0.0.216","QUIC","82","Initial, SCID=e602c7accc994539, PKN: 1, ACK"
"250","17.054084","142.250.195.227","10.0.0.216","QUIC","1292","Initial, SCID=e602c7accc994539, PKN: 2, ACK, PADDING"
"251","17.080898","10.0.0.216","142.250.195.227","QUIC","1292","Initial, DCID=e602c7accc994539, PKN: 6, PADDING, PING, PADDING"
"252","17.097832","142.250.195.227","10.0.0.216","QUIC","1292","Initial, SCID=e602c7accc994539, PKN: 3, ACK, PADDING"
"253","17.127387","10.0.0.216","142.250.195.227","QUIC","1292","Initial, DCID=e602c7accc994539, PKN: 8, PADDING, PING, PADDING"
"254","17.143788","142.250.195.227","10.0.0.216","QUIC","1292","Initial, SCID=e602c7accc994539, PKN: 4, ACK, PADDING"
"255","17.146508","142.250.195.227","10.0.0.216","QUIC","1292","Initial, SCID=e602c7accc994539, PKN: 5, CRYPTO, PADDING"
"256","17.146781","142.250.195.227","10.0.0.216","QUIC","325","Protected Payload (KP0)"
"257","17.146930","10.0.0.216","142.250.195.227","QUIC","120","Handshake, DCID=e602c7accc994539"
"258","17.147591","142.250.195.227","10.0.0.216","QUIC","986","Protected Payload (KP0)"
"259","17.147659","142.250.195.227","10.0.0.216","QUIC","67","Protected Payload (KP0)"
"260","17.147664","10.0.0.216","142.250.195.227","QUIC","73","Protected Payload (KP0), DCID=e602c7accc994539"
"261","17.147732","142.250.195.227","10.0.0.216","QUIC","64","Protected Payload (KP0)"
"262","17.162079","142.250.195.227","10.0.0.216","QUIC","162","Protected Payload (KP0)"
"263","17.162164","10.0.0.216","142.250.195.227","QUIC","73","Protected Payload (KP0), DCID=e602c7accc994539"
"264","17.173822","10.0.0.216","35.186.224.35","TLSv1.2","97","Application Data"
"265","17.176383","35.186.224.35","10.0.0.216","TCP","60","443  >  57191 [ACK] Seq=1 Ack=44 Win=1043 Len=0"
"266","17.220979","10.0.0.216","13.227.180.4","TCP","55","61984  >  443 [ACK] Seq=1 Ack=1 Win=258 Len=1 [TCP segment of a reassembled PDU]"
"267","17.223008","13.227.180.4","10.0.0.216","TCP","66","443  >  61984 [ACK] Seq=1 Ack=2 Win=151 Len=0 SLE=1 SRE=2"
"268","17.244094","142.250.195.227","10.0.0.216","QUIC","559","Protected Payload (KP0)"
"269","17.244159","142.250.195.227","10.0.0.216","QUIC","64","Protected Payload (KP0)"
"270","17.244336","10.0.0.216","142.250.195.227","QUIC","77","Protected Payload (KP0), DCID=e602c7accc994539"
"271","17.246067","10.0.0.216","142.250.183.35","QUIC","1292","Initial, DCID=abd37ec6c7e0d86a, PKN: 1, CRYPTO, PADDING, CRYPTO, PADDING, CRYPTO, PADDING, PING, PING, CRYPTO, PADDING"
"272","17.246098","10.0.0.216","142.250.183.35","QUIC","1292","Initial, DCID=abd37ec6c7e0d86a, PKN: 2, CRYPTO, PADDING, PING, PING, PADDING, PING, PADDING, CRYPTO, PING, CRYPTO"
"273","17.246212","10.0.0.216","142.250.183.35","QUIC","120","0-RTT, DCID=abd37ec6c7e0d86a"
"274","17.258888","142.250.195.227","10.0.0.216","QUIC","65","Protected Payload (KP0)"
"275","17.262274","142.250.183.35","10.0.0.216","QUIC","82","Initial, SCID=ebd37ec6c7e0d86a, PKN: 1, ACK"
"276","17.264319","142.250.183.35","10.0.0.216","QUIC","1292","Initial, SCID=ebd37ec6c7e0d86a, PKN: 2, ACK, PADDING"
"277","17.268862","10.0.0.216","10.0.0.255","UDP","86","57621  >  57621 Len=44"
"278","17.283635","10.0.0.216","142.250.183.35","QUIC","1292","Initial, DCID=ebd37ec6c7e0d86a, PKN: 5, PADDING, PING, PADDING"
"279","17.299935","142.250.183.35","10.0.0.216","QUIC","1292","Initial, SCID=ebd37ec6c7e0d86a, PKN: 3, ACK, PADDING"
"280","17.300694","35.186.224.35","10.0.0.216","TLSv1.2","94","Application Data"
"281","17.331276","10.0.0.216","142.250.183.35","QUIC","1292","Initial, DCID=ebd37ec6c7e0d86a, PKN: 7, PADDING, PING, PADDING"
"282","17.345835","10.0.0.216","35.186.224.35","TCP","54","57191  >  443 [ACK] Seq=44 Ack=41 Win=258 Len=0"
"283","17.347885","142.250.183.35","10.0.0.216","QUIC","1292","Initial, SCID=ebd37ec6c7e0d86a, PKN: 4, ACK, PADDING"
"284","17.357270","142.250.183.35","10.0.0.216","QUIC","1292","Initial, SCID=ebd37ec6c7e0d86a, PKN: 5, CRYPTO, PADDING"
"285","17.357539","142.250.183.35","10.0.0.216","QUIC","320","Protected Payload (KP0)"
"286","17.357746","10.0.0.216","142.250.183.35","QUIC","120","Handshake, DCID=ebd37ec6c7e0d86a"
"287","17.357906","10.0.0.216","142.250.183.35","QUIC","600","Protected Payload (KP0), DCID=ebd37ec6c7e0d86a"
"288","17.358358","142.250.183.35","10.0.0.216","QUIC","996","Protected Payload (KP0)"
"289","17.358425","142.250.183.35","10.0.0.216","QUIC","67","Protected Payload (KP0)"
"290","17.372078","142.250.183.35","10.0.0.216","QUIC","162","Protected Payload (KP0)"
"291","17.372167","10.0.0.216","142.250.183.35","QUIC","74","Protected Payload (KP0), DCID=ebd37ec6c7e0d86a"
"292","17.373314","142.250.183.35","10.0.0.216","QUIC","71","Protected Payload (KP0)"
"293","17.406893","10.0.0.216","142.250.183.35","QUIC","74","Protected Payload (KP0), DCID=ebd37ec6c7e0d86a"
"294","17.457695","52.98.1.226","10.0.0.216","TCP","60","443  >  60132 [RST, ACK] Seq=1 Ack=1 Win=0 Len=0"
"295","17.470947","142.250.183.35","10.0.0.216","QUIC","606","Protected Payload (KP0)"
"296","17.471332","10.0.0.216","142.250.183.35","QUIC","89","Protected Payload (KP0), DCID=ebd37ec6c7e0d86a"
"297","17.472942","142.250.183.35","10.0.0.216","QUIC","63","Protected Payload (KP0)"
"298","17.485837","142.250.183.35","10.0.0.216","QUIC","70","Protected Payload (KP0)"
"299","17.486027","10.0.0.216","142.250.183.35","QUIC","73","Protected Payload (KP0), DCID=ebd37ec6c7e0d86a"
"300","18.293715","1c:1d:d3:e2:c5:9f","Broadcast","ARP","60","Who has 169.254.1.0? Tell 10.0.0.102"
"301","18.300571","b6:47:fa:08:35:61","Broadcast","ARP","60","Who has 169.254.1.0? Tell 10.0.0.88"
"302","19.426510","10.0.0.102","10.0.0.255","UDP","348","49718  >  5002 Len=306"
"303","19.432621","10.0.0.88","10.0.0.255","UDP","348","51245  >  5002 Len=306"
"304","19.836976","10.0.0.216","23.218.42.32","UDP","71","55931  >  443 Len=29"
"305","19.867885","10.0.0.216","23.218.42.32","UDP","71","55931  >  443 Len=29"
"306","19.869414","23.218.42.32","10.0.0.216","UDP","66","443  >  55931 Len=24"
"307","19.870024","23.218.42.32","10.0.0.216","UDP","67","443  >  55931 Len=25"
"308","19.898853","10.0.0.216","140.82.114.25","TCP","55","61058  >  443 [ACK] Seq=1 Ack=1 Win=255 Len=1 [TCP segment of a reassembled PDU]"
"309","20.110922","140.82.114.25","10.0.0.216","TCP","66","443  >  61058 [ACK] Seq=1 Ack=2 Win=76 Len=0 SLE=1 SRE=2"
"310","20.185041","10.0.0.216","162.159.134.233","TCP","55","61925  >  443 [ACK] Seq=1 Ack=1 Win=253 Len=1 [TCP segment of a reassembled PDU]"
"311","20.187433","162.159.134.233","10.0.0.216","TCP","66","443  >  61925 [ACK] Seq=1 Ack=2 Win=16 Len=0 SLE=1 SRE=2"
"312","20.308761","10.0.0.216","142.251.42.106","UDP","71","56813  >  443 Len=29"
"313","20.348711","142.251.42.106","10.0.0.216","UDP","66","443  >  56813 Len=24"
"314","20.840400","172.64.148.235","10.0.0.216","TLSv1.2","78","Application Data"
"315","20.840568","10.0.0.216","172.64.148.235","TLSv1.2","82","Application Data"
"316","20.842490","172.64.148.235","10.0.0.216","TCP","60","443  >  60567 [ACK] Seq=49 Ack=57 Win=16 Len=0"
"317","20.886601","10.0.0.75","224.0.0.251","MDNS","123","Standard query response 0x0000 PTR 94546AC5-062B-49F0-B10A-20BB4364BA52._asquic._udp.local"
"318","20.887370","fe80::14fb:4c16:cbe9:76d4","ff02::fb","MDNS","143","Standard query response 0x0000 PTR 94546AC5-062B-49F0-B10A-20BB4364BA52._asquic._udp.local"
"319","21.833544","23.218.42.32","10.0.0.216","UDP","110","443  >  55931 Len=68"
"320","22.040117","10.0.0.216","13.227.180.4","TLSv1.2","1014","Ignored Unknown Record"
"321","22.040147","10.0.0.216","13.227.180.4","TLSv1.2","93","Application Data"
"322","22.040687","10.0.0.216","142.251.222.14","UDP","641","49573  >  443 Len=599"
"323","22.040894","10.0.0.216","142.251.222.14","UDP","275","49573  >  443 Len=233"
"324","22.041806","fe80::8d08:7b:e2d8:e6b3","fe80::1213:31ff:fea5:3d7c","TCP","86","62019  >  53 [SYN] Seq=0 Win=64800 Len=0 MSS=1440 WS=256 SACK_PERM"
"325","22.041948","fe80::8d08:7b:e2d8:e6b3","fe80::1213:31ff:fea5:3d7c","TCP","86","62020  >  53 [SYN] Seq=0 Win=64800 Len=0 MSS=1440 WS=256 SACK_PERM"
"326","22.042790","fe80::1213:31ff:fea5:3d7c","fe80::8d08:7b:e2d8:e6b3","TCP","86","53  >  62019 [SYN, ACK] Seq=0 Ack=1 Win=14400 Len=0 MSS=1440 SACK_PERM WS=32"
"327","22.042856","fe80::8d08:7b:e2d8:e6b3","fe80::1213:31ff:fea5:3d7c","TCP","74","62019  >  53 [ACK] Seq=1 Ack=1 Win=66048 Len=0"
"328","22.043217","fe80::8d08:7b:e2d8:e6b3","fe80::1213:31ff:fea5:3d7c","TCP","76","62019  >  53 [PSH, ACK] Seq=1 Ack=1 Win=66048 Len=2 [TCP segment of a reassembled PDU]"
"329","22.043232","fe80::8d08:7b:e2d8:e6b3","fe80::1213:31ff:fea5:3d7c","DNS","107","Standard query 0x4fe2 HTTPS play.google.com"
"330","22.043294","fe80::1213:31ff:fea5:3d7c","fe80::8d08:7b:e2d8:e6b3","TCP","86","53  >  62020 [SYN, ACK] Seq=0 Ack=1 Win=14400 Len=0 MSS=1440 SACK_PERM WS=32"
"331","22.043325","fe80::8d08:7b:e2d8:e6b3","fe80::1213:31ff:fea5:3d7c","TCP","74","62020  >  53 [ACK] Seq=1 Ack=1 Win=66048 Len=0"
"332","22.043429","fe80::8d08:7b:e2d8:e6b3","fe80::1213:31ff:fea5:3d7c","TCP","76","62020  >  53 [PSH, ACK] Seq=1 Ack=1 Win=66048 Len=2 [TCP segment of a reassembled PDU]"
"333","22.043449","fe80::8d08:7b:e2d8:e6b3","fe80::1213:31ff:fea5:3d7c","DNS","107","Standard query 0x76b7 A play.google.com"
"334","22.043951","fe80::1213:31ff:fea5:3d7c","fe80::8d08:7b:e2d8:e6b3","TCP","74","53  >  62019 [ACK] Seq=1 Ack=3 Win=14400 Len=0"
"335","22.044383","fe80::1213:31ff:fea5:3d7c","fe80::8d08:7b:e2d8:e6b3","TCP","74","53  >  62019 [ACK] Seq=1 Ack=36 Win=14400 Len=0"
"336","22.044882","fe80::1213:31ff:fea5:3d7c","fe80::8d08:7b:e2d8:e6b3","TCP","74","53  >  62020 [ACK] Seq=1 Ack=3 Win=14400 Len=0"
"337","22.045281","fe80::1213:31ff:fea5:3d7c","fe80::8d08:7b:e2d8:e6b3","TCP","74","53  >  62020 [ACK] Seq=1 Ack=36 Win=14400 Len=0"
"338","22.045350","13.227.180.4","10.0.0.216","TCP","60","443  >  61984 [ACK] Seq=1 Ack=962 Win=157 Len=0"
"339","22.045413","13.227.180.4","10.0.0.216","TCP","60","443  >  61984 [ACK] Seq=1 Ack=1001 Win=157 Len=0"
"340","22.045506","13.227.180.4","10.0.0.216","TLSv1.2","93","Application Data"
"341","22.049410","10.0.0.216","142.250.195.106","QUIC","1292","Initial, DCID=ca6b797c5c5eeae9, PKN: 1, PING, CRYPTO, PING, CRYPTO, PING"
"342","22.049444","10.0.0.216","142.250.195.106","QUIC","1292","Initial, DCID=ca6b797c5c5eeae9, PKN: 2, PING, CRYPTO, PING"
"343","22.049577","10.0.0.216","142.250.195.106","QUIC","122","0-RTT, DCID=ca6b797c5c5eeae9"
"344","22.060072","142.251.222.14","10.0.0.216","UDP","78","443  >  49573 Len=36"
"345","22.065952","142.250.195.106","10.0.0.216","QUIC","82","Initial, SCID=ea6b797c5c5eeae9, PKN: 1, ACK"
"346","22.066177","10.0.0.216","142.251.222.14","UDP","75","49573  >  443 Len=33"
"347","22.067209","142.250.195.106","10.0.0.216","QUIC","1292","Initial, SCID=ea6b797c5c5eeae9, PKN: 2, ACK, PADDING"
"348","22.074301","fe80::1213:31ff:fea5:3d7c","fe80::8d08:7b:e2d8:e6b3","DNS","159","Standard query response 0x4fe2 HTTPS play.google.com SOA ns1.google.com"
"349","22.074419","fe80::8d08:7b:e2d8:e6b3","fe80::1213:31ff:fea5:3d7c","TCP","74","62019  >  53 [FIN, ACK] Seq=36 Ack=86 Win=66048 Len=0"
"350","22.075477","fe80::1213:31ff:fea5:3d7c","fe80::8d08:7b:e2d8:e6b3","TCP","74","53  >  62019 [FIN, ACK] Seq=86 Ack=37 Win=14400 Len=0"
"351","22.075502","fe80::8d08:7b:e2d8:e6b3","fe80::1213:31ff:fea5:3d7c","TCP","74","62019  >  53 [ACK] Seq=37 Ack=87 Win=66048 Len=0"
"352","22.078499","fe80::1213:31ff:fea5:3d7c","fe80::8d08:7b:e2d8:e6b3","DNS","125","Standard query response 0x76b7 A play.google.com A 142.250.195.174"
"353","22.079382","fe80::8d08:7b:e2d8:e6b3","fe80::1213:31ff:fea5:3d7c","TCP","74","62020  >  53 [FIN, ACK] Seq=36 Ack=52 Win=66048 Len=0"
"354","22.080002","10.0.0.216","142.250.195.174","QUIC","1292","Initial, DCID=a6f9317ddbfd67a5, PKN: 1, PING, PING, PING, CRYPTO, CRYPTO, CRYPTO, CRYPTO, CRYPTO, CRYPTO, PING, CRYPTO, CRYPTO, PADDING, PING, PADDING, CRYPTO, CRYPTO, CRYPTO, PING, PING, CRYPTO"
"355","22.080039","10.0.0.216","142.250.195.174","QUIC","1292","Initial, DCID=a6f9317ddbfd67a5, PKN: 2, PING, PING, PING, PING, PING, CRYPTO, PING, CRYPTO, PING, CRYPTO, CRYPTO, CRYPTO, PADDING, PING, CRYPTO, CRYPTO, PADDING, CRYPTO, CRYPTO, CRYPTO, PING"
"356","22.080206","10.0.0.216","142.250.195.174","QUIC","121","0-RTT, DCID=a6f9317ddbfd67a5"
"357","22.083090","fe80::1213:31ff:fea5:3d7c","fe80::8d08:7b:e2d8:e6b3","TCP","74","53  >  62020 [FIN, ACK] Seq=52 Ack=37 Win=14400 Len=0"
"358","22.083150","fe80::8d08:7b:e2d8:e6b3","fe80::1213:31ff:fea5:3d7c","TCP","74","62020  >  53 [ACK] Seq=37 Ack=53 Win=66048 Len=0"
"359","22.091236","10.0.0.216","13.227.180.4","TCP","54","61984  >  443 [ACK] Seq=1001 Ack=40 Win=258 Len=0"
"360","22.091418","10.0.0.216","142.250.195.106","QUIC","1292","Initial, DCID=ea6b797c5c5eeae9, PKN: 5, PADDING, PING, PADDING"
"361","22.096144","142.250.195.174","10.0.0.216","QUIC","82","Initial, SCID=e6f9317ddbfd67a5, PKN: 1, ACK"
"362","22.098312","142.250.195.174","10.0.0.216","QUIC","1292","Initial, SCID=e6f9317ddbfd67a5, PKN: 2, ACK, PADDING"
"363","22.107725","142.250.195.106","10.0.0.216","QUIC","1292","Initial, SCID=ea6b797c5c5eeae9, PKN: 3, ACK, PADDING"
"364","22.121716","10.0.0.216","142.250.195.174","QUIC","1292","Initial, DCID=e6f9317ddbfd67a5, PKN: 5, PADDING, PING, PADDING"
"365","22.130103","13.227.180.4","10.0.0.216","TCP","1494","443  >  61984 [ACK] Seq=40 Ack=1001 Win=157 Len=1440 [TCP segment of a reassembled PDU]"
"366","22.130593","13.227.180.4","10.0.0.216","TLSv1.2","601","Application Data"
"367","22.130610","10.0.0.216","13.227.180.4","TCP","54","61984  >  443 [ACK] Seq=1001 Ack=2027 Win=258 Len=0"
"368","22.130676","13.227.180.4","10.0.0.216","TLSv1.2","85","Application Data"
"369","22.131502","10.0.0.216","13.227.180.4","TLSv1.2","89","Application Data"
"370","22.137152","10.0.0.216","142.250.195.106","QUIC","1292","Initial, DCID=ea6b797c5c5eeae9, PKN: 7, PADDING, PING, PADDING"
"371","22.138862","142.250.195.174","10.0.0.216","QUIC","1292","Initial, SCID=e6f9317ddbfd67a5, PKN: 3, ACK, PADDING"
"372","22.153682","142.250.195.106","10.0.0.216","QUIC","1292","Initial, SCID=ea6b797c5c5eeae9, PKN: 4, ACK, PADDING"
"373","22.160341","142.250.195.106","10.0.0.216","QUIC","1292","Initial, SCID=ea6b797c5c5eeae9, PKN: 5, CRYPTO, PADDING"
"374","22.160620","142.250.195.106","10.0.0.216","QUIC","332","Protected Payload (KP0)"
"375","22.160783","10.0.0.216","142.250.195.106","QUIC","120","Handshake, DCID=ea6b797c5c5eeae9"
"376","22.160968","10.0.0.216","142.250.195.106","QUIC","1288","Protected Payload (KP0), DCID=ea6b797c5c5eeae9"
"377","22.160983","10.0.0.216","142.250.195.106","QUIC","1292","Protected Payload (KP0), DCID=ea6b797c5c5eeae9"
"378","22.160995","10.0.0.216","142.250.195.106","QUIC","1292","Protected Payload (KP0), DCID=ea6b797c5c5eeae9"
"379","22.161024","10.0.0.216","142.250.195.106","QUIC","182","Protected Payload (KP0), DCID=ea6b797c5c5eeae9"
"380","22.161038","10.0.0.216","142.250.195.106","QUIC","1148","Protected Payload (KP0), DCID=ea6b797c5c5eeae9"
"381","22.161053","10.0.0.216","142.250.195.106","QUIC","186","Protected Payload (KP0), DCID=ea6b797c5c5eeae9"
"382","22.161066","10.0.0.216","142.250.195.106","QUIC","876","Protected Payload (KP0), DCID=ea6b797c5c5eeae9"
"383","22.161442","142.250.195.106","10.0.0.216","QUIC","1002","Protected Payload (KP0)"
"384","22.161523","142.250.195.106","10.0.0.216","QUIC","71","Protected Payload (KP0)"
"385","22.161601","10.0.0.216","142.250.195.106","QUIC","74","Protected Payload (KP0), DCID=ea6b797c5c5eeae9"
"386","22.161615","142.250.195.106","10.0.0.216","QUIC","66","Protected Payload (KP0)"
"387","22.166687","10.0.0.216","142.250.195.174","QUIC","1292","Initial, DCID=e6f9317ddbfd67a5, PKN: 7, PADDING, PING, PADDING"
"388","22.175085","13.227.180.4","10.0.0.216","TCP","60","443  >  61984 [ACK] Seq=2058 Ack=1036 Win=157 Len=0"
"389","22.175720","142.250.195.106","10.0.0.216","QUIC","162","Protected Payload (KP0)"
"390","22.176688","142.250.195.106","10.0.0.216","QUIC","67","Protected Payload (KP0)"
"391","22.177604","142.250.195.106","10.0.0.216","QUIC","67","Protected Payload (KP0)"
"392","22.178617","142.250.195.106","10.0.0.216","QUIC","67","Protected Payload (KP0)"
"393","22.178684","142.250.195.106","10.0.0.216","QUIC","67","Protected Payload (KP0)"
"394","22.180433","142.250.195.106","10.0.0.216","QUIC","71","Protected Payload (KP0)"
"395","22.180507","10.0.0.216","142.250.195.106","QUIC","73","Protected Payload (KP0), DCID=ea6b797c5c5eeae9"
"396","22.183905","142.250.195.174","10.0.0.216","QUIC","1292","Initial, SCID=e6f9317ddbfd67a5, PKN: 4, ACK, PADDING"
"397","22.191696","142.250.195.174","10.0.0.216","QUIC","1292","Initial, SCID=e6f9317ddbfd67a5, PKN: 5, CRYPTO, PADDING"
"398","22.191973","142.250.195.174","10.0.0.216","QUIC","330","Protected Payload (KP0)"
"399","22.192124","10.0.0.216","142.250.195.174","QUIC","120","Handshake, DCID=e6f9317ddbfd67a5"
"400","22.192305","10.0.0.216","142.250.195.174","QUIC","1288","Protected Payload (KP0), DCID=e6f9317ddbfd67a5"
"401","22.192321","10.0.0.216","142.250.195.174","QUIC","1292","Protected Payload (KP0), DCID=e6f9317ddbfd67a5"
"402","22.192347","10.0.0.216","142.250.195.174","QUIC","1292","Protected Payload (KP0), DCID=e6f9317ddbfd67a5"
"403","22.192380","10.0.0.216","142.250.195.174","QUIC","131","Protected Payload (KP0), DCID=e6f9317ddbfd67a5"
"404","22.192394","10.0.0.216","142.250.195.174","QUIC","721","Protected Payload (KP0), DCID=e6f9317ddbfd67a5"
"405","22.192477","10.0.0.216","142.250.195.174","QUIC","939","Protected Payload (KP0), DCID=e6f9317ddbfd67a5"
"406","22.192531","142.250.195.174","10.0.0.216","QUIC","672","Protected Payload (KP0)"
"407","22.192571","10.0.0.216","142.250.195.174","QUIC","1288","Protected Payload (KP0), DCID=e6f9317ddbfd67a5"
"408","22.192583","10.0.0.216","142.250.195.174","QUIC","805","Protected Payload (KP0), DCID=e6f9317ddbfd67a5"
"409","22.192601","142.250.195.174","10.0.0.216","QUIC","67","Protected Payload (KP0)"
"410","22.192663","10.0.0.216","142.250.195.174","QUIC","737","Protected Payload (KP0), DCID=e6f9317ddbfd67a5"
"411","22.206906","142.250.195.174","10.0.0.216","QUIC","162","Protected Payload (KP0)"
"412","22.206972","142.250.195.106","10.0.0.216","QUIC","66","Protected Payload (KP0)"
"413","22.207016","10.0.0.216","142.250.195.174","QUIC","74","Protected Payload (KP0), DCID=e6f9317ddbfd67a5"
"414","22.207062","10.0.0.216","142.250.195.106","QUIC","876","Protected Payload (KP0), DCID=ea6b797c5c5eeae9"
"415","22.207800","142.250.195.174","10.0.0.216","QUIC","67","Protected Payload (KP0)"
"416","22.208764","142.250.195.174","10.0.0.216","QUIC","67","Protected Payload (KP0)"
"417","22.209803","142.250.195.174","10.0.0.216","QUIC","67","Protected Payload (KP0)"
"418","22.209878","142.250.195.174","10.0.0.216","QUIC","67","Protected Payload (KP0)"
"419","22.212779","142.250.195.174","10.0.0.216","QUIC","72","Protected Payload (KP0)"
"420","22.213888","142.250.195.174","10.0.0.216","QUIC","71","Protected Payload (KP0)"
"421","22.213967","10.0.0.216","142.250.195.174","QUIC","73","Protected Payload (KP0), DCID=e6f9317ddbfd67a5"
"422","22.222797","142.250.195.106","10.0.0.216","QUIC","67","Protected Payload (KP0)"
"423","22.239368","142.250.195.174","10.0.0.216","QUIC","70","Protected Payload (KP0)"
"424","22.251381","142.251.222.14","10.0.0.216","UDP","288","443  >  49573 Len=246"
"425","22.258704","10.0.0.216","142.251.222.14","UDP","82","49573  >  443 Len=40"
"426","22.273974","10.0.0.216","142.250.195.174","QUIC","74","Protected Payload (KP0), DCID=e6f9317ddbfd67a5"
"427","22.277615","142.251.222.14","10.0.0.216","UDP","68","443  >  49573 Len=26"
"428","22.283851","142.251.222.14","10.0.0.216","UDP","1190","443  >  49573 Len=1148"
"429","22.288636","142.250.195.174","10.0.0.216","QUIC","64","Protected Payload (KP0)"
"430","22.288748","10.0.0.216","142.250.195.174","QUIC","75","Protected Payload (KP0), DCID=e6f9317ddbfd67a5"
"431","22.288787","10.0.0.216","142.251.222.14","UDP","82","49573  >  443 Len=40"
"432","22.292379","142.250.195.106","10.0.0.216","QUIC","1288","Protected Payload (KP0)"
"433","22.292625","142.250.195.106","10.0.0.216","QUIC","66","Protected Payload (KP0)"
"434","22.292717","10.0.0.216","142.250.195.106","QUIC","77","Protected Payload (KP0), DCID=ea6b797c5c5eeae9"
"435","22.293918","142.250.195.106","10.0.0.216","QUIC","305","Protected Payload (KP0)"
"436","22.308031","142.251.222.14","10.0.0.216","UDP","68","443  >  49573 Len=26"
"437","22.320753","10.0.0.216","142.250.195.106","QUIC","74","Protected Payload (KP0), DCID=ea6b797c5c5eeae9"
"438","22.325302","142.250.195.174","10.0.0.216","QUIC","888","Protected Payload (KP0)"
"439","22.325469","10.0.0.216","142.250.195.174","QUIC","79","Protected Payload (KP0), DCID=e6f9317ddbfd67a5"
"440","22.327166","142.250.195.174","10.0.0.216","QUIC","196","Protected Payload (KP0)"
"441","22.327281","10.0.0.216","142.250.195.174","QUIC","75","Protected Payload (KP0), DCID=e6f9317ddbfd67a5"
"442","22.329707","142.250.195.174","10.0.0.216","QUIC","667","Protected Payload (KP0)"
"443","22.329824","10.0.0.216","142.250.195.174","QUIC","79","Protected Payload (KP0), DCID=e6f9317ddbfd67a5"
"444","22.330906","142.250.195.174","10.0.0.216","QUIC","687","Protected Payload (KP0)"
"445","22.331926","142.250.195.174","10.0.0.216","QUIC","297","Protected Payload (KP0)"
"446","22.332076","142.250.195.174","10.0.0.216","QUIC","74","Protected Payload (KP0)"
"447","22.332542","10.0.0.216","142.250.195.174","QUIC","79","Protected Payload (KP0), DCID=e6f9317ddbfd67a5"
"448","22.332958","142.250.195.106","10.0.0.216","QUIC","66","Protected Payload (KP0)"
"449","22.336974","142.250.195.174","10.0.0.216","QUIC","667","Protected Payload (KP0)"
"450","22.337090","10.0.0.216","142.250.195.174","QUIC","79","Protected Payload (KP0), DCID=e6f9317ddbfd67a5"
"451","22.339078","142.250.195.174","10.0.0.216","QUIC","94","Protected Payload (KP0)"
"452","22.344805","142.250.195.174","10.0.0.216","QUIC","65","Protected Payload (KP0)"
"453","22.351898","142.250.195.174","10.0.0.216","QUIC","65","Protected Payload (KP0)"
"454","22.366791","10.0.0.216","142.250.195.174","QUIC","74","Protected Payload (KP0), DCID=e6f9317ddbfd67a5"
"455","22.630447","162.159.134.234","10.0.0.216","TLSv1.2","189","Application Data"
"456","22.634945","fe80::8d08:7b:e2d8:e6b3","fe80::1213:31ff:fea5:3d7c","DNS","92","Standard query 0xc2ca HTTPS www.bing.com"
"457","22.635089","fe80::8d08:7b:e2d8:e6b3","fe80::1213:31ff:fea5:3d7c","DNS","92","Standard query 0x0e28 A www.bing.com"
"458","22.648327","fe80::1213:31ff:fea5:3d7c","fe80::8d08:7b:e2d8:e6b3","DNS","274","Standard query response 0xc2ca HTTPS www.bing.com CNAME www-www.bing.com.trafficmanager.net CNAME www.bing.com.edgekey.net CNAME e86303.dscx.akamaiedge.net SOA n0dscx.akamaiedge.net"
"459","22.649478","fe80::1213:31ff:fea5:3d7c","fe80::8d08:7b:e2d8:e6b3","DNS","245","Standard query response 0x0e28 A www.bing.com CNAME www-www.bing.com.trafficmanager.net CNAME www.bing.com.edgekey.net CNAME e86303.dscx.akamaiedge.net A 23.218.42.32 A 23.218.42.24"
"460","22.650138","10.0.0.216","23.218.42.32","QUIC","1292","Initial, DCID=093d4856bcca9a12, PKN: 1, CRYPTO, PADDING, CRYPTO, CRYPTO, CRYPTO, PING, CRYPTO, PING, PADDING, CRYPTO, CRYPTO, PADDING, CRYPTO, CRYPTO, CRYPTO, CRYPTO, PADDING, PING"
"461","22.650159","10.0.0.216","23.218.42.32","QUIC","1292","Initial, DCID=093d4856bcca9a12, PKN: 2, PING, PADDING, PING, CRYPTO, PING, PING, PING, PADDING, PING, CRYPTO, CRYPTO, PADDING, PING"
"462","22.654440","23.218.42.32","10.0.0.216","QUIC","82","Initial, SCID=1a2af64b2480cb2c, PKN: 1, ACK"
"463","22.655576","23.218.42.32","10.0.0.216","QUIC","1292","Initial, SCID=1a2af64b2480cb2c, PKN: 2, ACK, PADDING"
"464","22.656624","23.218.42.32","10.0.0.216","QUIC","1292","Initial, SCID=1a2af64b2480cb2c, PKN: 3, CRYPTO, PADDING"
"465","22.656884","23.218.42.32","10.0.0.216","QUIC","308","Handshake, SCID=1a2af64b2480cb2c"
"466","22.657067","10.0.0.216","23.218.42.32","QUIC","165","Protected Payload (KP0), DCID=1a2af64b2480cb2c"
"467","22.657081","10.0.0.216","23.218.42.32","QUIC","115","Protected Payload (KP0), DCID=1a2af64b2480cb2c"
"468","22.659265","23.218.42.32","10.0.0.216","QUIC","329","Protected Payload (KP0)"
"469","22.659366","23.218.42.32","10.0.0.216","QUIC","106","Protected Payload (KP0)"
"470","22.659425","10.0.0.216","23.218.42.32","QUIC","73","Protected Payload (KP0), DCID=1a2af64b2480cb2c"
"471","22.659434","23.218.42.32","10.0.0.216","QUIC","63","Protected Payload (KP0)"
"472","22.659547","23.218.42.32","10.0.0.216","QUIC","112","Protected Payload (KP0)"
"473","22.659585","10.0.0.216","23.218.42.32","QUIC","73","Protected Payload (KP0), DCID=1a2af64b2480cb2c"
"474","22.660909","23.218.42.32","10.0.0.216","QUIC","67","Protected Payload (KP0)"
"475","22.679100","10.0.0.216","162.159.134.234","TCP","54","55864  >  443 [ACK] Seq=122 Ack=170 Win=253 Len=0"
"476","22.866024","10.0.0.216","23.218.42.32","QUIC","71","Protected Payload (KP0), DCID=1a2af64b2480cb2c"
"477","22.867942","23.218.42.32","10.0.0.216","QUIC","67","Protected Payload (KP0)"
"478","23.071337","10.0.0.216","23.218.42.32","QUIC","71","Protected Payload (KP0), DCID=1a2af64b2480cb2c"
"479","23.098817","23.218.42.32","10.0.0.216","QUIC","68","Protected Payload (KP0)"
"480","23.305251","10.0.0.216","23.218.42.32","QUIC","71","Protected Payload (KP0), DCID=1a2af64b2480cb2c"
"481","23.333028","23.218.42.32","10.0.0.216","QUIC","68","Protected Payload (KP0)"
"482","23.541709","10.0.0.216","23.218.42.32","QUIC","71","Protected Payload (KP0), DCID=1a2af64b2480cb2c"
"483","23.569096","23.218.42.32","10.0.0.216","QUIC","68","Protected Payload (KP0)"
"484","23.777414","10.0.0.216","23.218.42.32","QUIC","71","Protected Payload (KP0), DCID=1a2af64b2480cb2c"
"485","23.804403","23.218.42.32","10.0.0.216","QUIC","68","Protected Payload (KP0)"
"486","24.000990","TechnicolorD_a5:3d:7c","Broadcast","ARP","60","Who has 10.0.0.75? Tell 10.0.0.138"
"487","24.011125","10.0.0.216","23.218.42.32","QUIC","71","Protected Payload (KP0), DCID=1a2af64b2480cb2c"
"488","24.038452","23.218.42.32","10.0.0.216","QUIC","68","Protected Payload (KP0)"
"489","24.050628","10.0.0.216","35.186.224.24","QUIC","1292","Initial, DCID=328de7a5565649b9, PKN: 1, PADDING, PING, PING, PADDING, PING, PADDING, CRYPTO, PING, PING, CRYPTO, CRYPTO, PADDING, CRYPTO, PING, PING, PING"
"490","24.050655","10.0.0.216","35.186.224.24","QUIC","1292","Initial, DCID=328de7a5565649b9, PKN: 2, PADDING, CRYPTO, CRYPTO, PING, CRYPTO, PING, CRYPTO, PADDING"
"491","24.050773","10.0.0.216","35.186.224.24","TLSv1.2","134","Application Data"
"492","24.050790","10.0.0.216","35.186.224.24","TLSv1.2","93","Application Data"
"493","24.050799","10.0.0.216","35.186.224.24","TLSv1.2","761","Application Data"
"494","24.055067","35.186.224.24","10.0.0.216","QUIC","82","Initial, SCID=f28de7a5565649b9, PKN: 1, ACK"
"495","24.055603","35.186.224.24","10.0.0.216","TCP","60","443  >  59915 [ACK] Seq=1 Ack=81 Win=999 Len=0"
"496","24.055669","35.186.224.24","10.0.0.216","TCP","60","443  >  59915 [ACK] Seq=1 Ack=120 Win=999 Len=0"
"497","24.055736","35.186.224.24","10.0.0.216","TCP","60","443  >  59915 [ACK] Seq=1 Ack=827 Win=997 Len=0"
"498","24.055849","35.186.224.24","10.0.0.216","TLSv1.2","93","Application Data"
"499","24.057294","35.186.224.24","10.0.0.216","QUIC","1292","Initial, SCID=f28de7a5565649b9, PKN: 2, ACK, PADDING"
"500","24.073859","10.0.0.216","35.186.224.24","QUIC","1292","Initial, DCID=f28de7a5565649b9, PKN: 4, PADDING, PING, PADDING"
"501","24.078834","35.186.224.24","10.0.0.216","QUIC","1292","Initial, SCID=f28de7a5565649b9, PKN: 3, ACK, PADDING"
"502","24.087120","142.251.222.14","10.0.0.216","UDP","89","443  >  49573 Len=47"
"503","24.087671","142.251.222.14","10.0.0.216","UDP","289","443  >  49573 Len=247"
"504","24.088987","10.0.0.216","35.186.224.24","QUIC","1292","Initial, DCID=f28de7a5565649b9, PKN: 6, PADDING, PING, PADDING"
"505","24.090531","10.0.0.216","142.251.222.14","UDP","557","49573  >  443 Len=515"
"506","24.093853","35.186.224.24","10.0.0.216","QUIC","1292","Initial, SCID=f28de7a5565649b9, PKN: 4, ACK, PADDING"
"507","24.103795","10.0.0.216","35.186.224.24","TCP","54","59915  >  443 [ACK] Seq=827 Ack=40 Win=256 Len=0"
"508","24.103930","10.0.0.216","35.186.224.24","QUIC","1292","Initial, DCID=f28de7a5565649b9, PKN: 8, PADDING, PING, PADDING"
"509","24.108853","35.186.224.24","10.0.0.216","QUIC","1292","Initial, SCID=f28de7a5565649b9, PKN: 5, ACK, PADDING"
"510","24.112908","142.251.222.14","10.0.0.216","UDP","75","443  >  49573 Len=33"
"511","24.119453","10.0.0.216","142.251.222.14","UDP","75","49573  >  443 Len=33"
"512","24.119539","10.0.0.216","35.186.224.24","QUIC","1292","Initial, DCID=f28de7a5565649b9, PKN: 10, PADDING, PING, PADDING"
"513","24.124055","35.186.224.24","10.0.0.216","QUIC","1292","Initial, SCID=f28de7a5565649b9, PKN: 6, ACK, PADDING"
"514","24.134523","10.0.0.216","35.186.224.24","QUIC","1292","Initial, DCID=f28de7a5565649b9, PKN: 12, PADDING, PING, PADDING"
"515","24.139841","35.186.224.24","10.0.0.216","QUIC","1292","Initial, SCID=f28de7a5565649b9, PKN: 7, ACK, PADDING"
"516","24.145077","35.186.224.24","10.0.0.216","QUIC","1292","Handshake, SCID=f28de7a5565649b9"
"517","24.145568","10.0.0.216","35.186.224.24","QUIC","208","Protected Payload (KP0), DCID=f28de7a5565649b9"
"518","24.149405","35.186.224.24","10.0.0.216","QUIC","626","Protected Payload (KP0)"
"519","24.149546","35.186.224.24","10.0.0.216","QUIC","163","Protected Payload (KP0)"
"520","24.149628","10.0.0.216","35.186.224.24","QUIC","73","Protected Payload (KP0), DCID=f28de7a5565649b9"
"521","24.174104","35.186.224.24","10.0.0.216","QUIC","66","Protected Payload (KP0)"
"522","24.296095","10.0.0.216","3.124.160.96","ICMP","74","Echo (ping) request  id=0x0001, seq=1218/49668, ttl=128 (no response found!)"
"523","24.304529","142.251.222.14","10.0.0.216","UDP","155","443  >  49573 Len=113"
"524","24.324259","10.0.0.216","142.251.222.14","UDP","82","49573  >  443 Len=40"
"525","24.343442","142.251.222.14","10.0.0.216","UDP","68","443  >  49573 Len=26"
"526","24.449677","10.0.0.216","23.218.42.32","QUIC","71","Protected Payload (KP0), DCID=1a2af64b2480cb2c"
"527","24.477904","23.218.42.32","10.0.0.216","QUIC","68","Protected Payload (KP0)"
"528","24.480184","23.218.42.32","10.0.0.216","QUIC","1494","Protected Payload (KP0)"
"529","24.511261","10.0.0.216","23.218.42.32","QUIC","74","Protected Payload (KP0), DCID=1a2af64b2480cb2c"
"530","24.606713","10.0.0.216","142.250.195.229","TCP","55","61936  >  443 [ACK] Seq=1 Ack=1 Win=254 Len=1 [TCP segment of a reassembled PDU]"
"531","24.621644","142.250.195.229","10.0.0.216","TCP","66","443  >  61936 [ACK] Seq=1 Ack=2 Win=977 Len=0 SLE=1 SRE=2"
"532","24.726331","35.186.224.24","10.0.0.216","TLSv1.2","149","Application Data"
"533","24.726833","10.0.0.216","35.186.224.24","TLSv1.2","93","Application Data"
"534","24.734607","35.186.224.24","10.0.0.216","TCP","60","443  >  59915 [ACK] Seq=135 Ack=866 Win=997 Len=0"
"535","24.828309","10.0.0.216","3.124.160.96","TCP","66","62022  >  443 [SYN] Seq=0 Win=64240 Len=0 MSS=1460 WS=256 SACK_PERM"
"536","25.004404","TechnicolorD_a5:3d:7c","Broadcast","ARP","60","Who has 10.0.0.216? Tell 10.0.0.138"
"537","25.004417","MicroStarINT_81:18:94","TechnicolorD_a5:3d:7c","ARP","42","10.0.0.216 is at 2c:f0:5d:81:18:94"
"538","25.070573","3.124.160.96","10.0.0.216","TCP","66","443  >  62022 [SYN, ACK] Seq=0 Ack=1 Win=26883 Len=0 MSS=1460 SACK_PERM WS=256"
"539","25.070690","10.0.0.216","3.124.160.96","TCP","54","62022  >  443 [ACK] Seq=1 Ack=1 Win=65536 Len=0"
"540","25.070793","10.0.0.216","3.124.160.96","TCP","54","62022  >  443 [FIN, ACK] Seq=1 Ack=1 Win=65536 Len=0"
"541","25.286091","10.0.0.216","23.218.42.32","QUIC","71","Protected Payload (KP0), DCID=1a2af64b2480cb2c"
"542","25.312521","3.124.160.96","10.0.0.216","TCP","60","443  >  62022 [FIN, ACK] Seq=1 Ack=2 Win=27136 Len=0"
"543","25.312571","10.0.0.216","3.124.160.96","TCP","54","62022  >  443 [ACK] Seq=2 Ack=2 Win=65536 Len=0"
"544","25.313718","23.218.42.32","10.0.0.216","QUIC","66","Protected Payload (KP0)"
"545","25.773238","142.251.42.106","10.0.0.216","UDP","120","443  >  56813 Len=78"
"546","25.810786","10.0.0.216","142.251.42.106","UDP","74","56813  >  443 Len=32"
"547","25.825426","142.251.42.106","10.0.0.216","UDP","120","443  >  56813 Len=78"
"548","25.825528","10.0.0.216","142.251.42.106","UDP","75","56813  >  443 Len=33"
"549","26.007376","TechnicolorD_a5:3d:7c","Broadcast","ARP","60","Who has 10.0.0.75? Tell 10.0.0.138"
"550","26.736088","142.250.195.234","10.0.0.216","UDP","122","443  >  53034 Len=80"
"551","26.744169","10.0.0.216","142.250.195.234","UDP","75","53034  >  443 Len=33"
"552","26.918200","10.0.0.216","23.218.42.32","QUIC","71","Protected Payload (KP0), DCID=1a2af64b2480cb2c"
"553","26.944962","23.218.42.32","10.0.0.216","QUIC","66","Protected Payload (KP0)"
"554","27.010647","TechnicolorD_a5:3d:7c","Broadcast","ARP","60","Who has 10.0.0.215? Tell 10.0.0.138"
"555","27.917037","10.0.0.102","10.0.0.255","UDP","348","49718  >  5002 Len=306"
"556","27.923260","10.0.0.88","10.0.0.255","UDP","348","51245  >  5002 Len=306"
"557","28.018293","TechnicolorD_a5:3d:7c","Broadcast","ARP","60","Who has 10.0.0.75? Tell 10.0.0.138"
"558","28.020605","TechnicolorD_a5:3d:7c","Broadcast","ARP","60","Who has 10.0.0.98? Tell 10.0.0.138"
"559","29.026279","TechnicolorD_a5:3d:7c","Broadcast","ARP","60","Who has 10.0.0.215? Tell 10.0.0.138"
"560","30.031252","TechnicolorD_a5:3d:7c","Broadcast","ARP","60","Who has 10.0.0.133? Tell 10.0.0.138"
"561","30.037211","TechnicolorD_a5:3d:7c","Broadcast","ARP","60","Who has 10.0.0.215? Tell 10.0.0.138"
"562","30.147148","10.0.0.216","23.218.42.32","QUIC","71","Protected Payload (KP0), DCID=1a2af64b2480cb2c"
"563","30.174366","23.218.42.32","10.0.0.216","QUIC","66","Protected Payload (KP0)"
"564","31.043165","TechnicolorD_a5:3d:7c","Broadcast","ARP","60","Who has 10.0.0.75? Tell 10.0.0.138"
"565","31.047142","TechnicolorD_a5:3d:7c","Broadcast","ARP","60","Who has 10.0.0.98? Tell 10.0.0.138"
"566","31.359133","13.227.180.4","10.0.0.216","TLSv1.2","154","Application Data"
"567","31.359301","10.0.0.216","13.227.180.4","TLSv1.2","158","Application Data"
"568","31.361628","13.227.180.4","10.0.0.216","TCP","60","443  >  60942 [ACK] Seq=201 Ack=209 Win=168 Len=0"
"569","32.039792","10.0.0.216","142.250.195.227","QUIC","1292","Initial, DCID=0a678886bfeebbdd, PKN: 1, CRYPTO, PING, PING, CRYPTO, CRYPTO, CRYPTO, CRYPTO, PING"
"570","32.039820","10.0.0.216","142.250.195.227","QUIC","1292","Initial, DCID=0a678886bfeebbdd, PKN: 2, CRYPTO, PING, CRYPTO, CRYPTO"
"571","32.039930","10.0.0.216","142.250.195.227","QUIC","120","0-RTT, DCID=0a678886bfeebbdd"
"572","32.040295","10.0.0.216","142.250.195.227","QUIC","742","0-RTT, DCID=0a678886bfeebbdd"
"573","32.040358","10.0.0.216","142.250.195.227","QUIC","153","0-RTT, DCID=0a678886bfeebbdd"
"574","32.040590","10.0.0.216","142.250.195.227","QUIC","152","0-RTT, DCID=0a678886bfeebbdd"
"575","32.052238","TechnicolorD_a5:3d:7c","Broadcast","ARP","60","Who has 10.0.0.215? Tell 10.0.0.138"
"576","32.055655","142.250.195.227","10.0.0.216","QUIC","82","Initial, SCID=ea678886bfeebbdd, PKN: 1, ACK"
"577","32.058064","142.250.195.227","10.0.0.216","QUIC","1292","Initial, SCID=ea678886bfeebbdd, PKN: 2, ACK, PADDING"
"578","32.061069","162.159.134.234","10.0.0.216","TLSv1.2","225","Application Data"
"579","32.082959","10.0.0.216","142.250.195.227","QUIC","1292","Initial, DCID=ea678886bfeebbdd, PKN: 8, PADDING, PING, PADDING"
"580","32.099296","142.250.195.227","10.0.0.216","QUIC","1292","Initial, SCID=ea678886bfeebbdd, PKN: 3, ACK, PADDING"
"581","32.113123","10.0.0.216","162.159.134.234","TCP","54","55864  >  443 [ACK] Seq=122 Ack=341 Win=253 Len=0"
"582","32.128227","10.0.0.216","142.250.195.227","QUIC","1292","Initial, DCID=ea678886bfeebbdd, PKN: 10, PADDING, PING, PADDING"
"583","32.145255","142.250.195.227","10.0.0.216","QUIC","1292","Initial, SCID=ea678886bfeebbdd, PKN: 4, ACK, PADDING"
"584","32.150241","142.250.195.227","10.0.0.216","QUIC","1292","Initial, SCID=ea678886bfeebbdd, PKN: 5, CRYPTO, PADDING"
"585","32.150518","142.250.195.227","10.0.0.216","QUIC","330","Protected Payload (KP0)"
"586","32.150675","10.0.0.216","142.250.195.227","QUIC","120","Handshake, DCID=ea678886bfeebbdd"
"587","32.151700","142.250.195.227","10.0.0.216","QUIC","986","Protected Payload (KP0)"
"588","32.151767","142.250.195.227","10.0.0.216","QUIC","67","Protected Payload (KP0)"
"589","32.151772","10.0.0.216","142.250.195.227","QUIC","73","Protected Payload (KP0), DCID=ea678886bfeebbdd"
"590","32.151839","142.250.195.227","10.0.0.216","QUIC","66","Protected Payload (KP0)"
"591","32.165372","142.250.195.227","10.0.0.216","QUIC","162","Protected Payload (KP0)"
"592","32.165462","10.0.0.216","142.250.195.227","QUIC","73","Protected Payload (KP0), DCID=ea678886bfeebbdd"
"593","32.247028","142.250.195.227","10.0.0.216","QUIC","570","Protected Payload (KP0)"
"594","32.247108","142.250.195.227","10.0.0.216","QUIC","64","Protected Payload (KP0)"
"595","32.247298","142.250.195.227","10.0.0.216","QUIC","128","Protected Payload (KP0)"
"596","32.247319","10.0.0.216","142.250.195.227","QUIC","77","Protected Payload (KP0), DCID=ea678886bfeebbdd"
"597","32.247368","142.250.195.227","10.0.0.216","QUIC","64","Protected Payload (KP0)"
"598","32.247645","10.0.0.216","142.250.195.227","QUIC","77","Protected Payload (KP0), DCID=ea678886bfeebbdd"
"599","32.250900","142.250.195.227","10.0.0.216","QUIC","128","Protected Payload (KP0)"
"600","32.262246","142.250.195.227","10.0.0.216","QUIC","65","Protected Payload (KP0)"
"601","32.262313","142.250.195.227","10.0.0.216","QUIC","65","Protected Payload (KP0)"
"602","32.284901","10.0.0.216","142.250.195.227","QUIC","78","Protected Payload (KP0), DCID=ea678886bfeebbdd"
"603","32.298018","142.250.195.227","10.0.0.216","QUIC","128","Protected Payload (KP0)"
"604","32.298117","10.0.0.216","142.250.195.227","QUIC","75","Protected Payload (KP0), DCID=ea678886bfeebbdd"
"605","32.325168","142.250.195.227","10.0.0.216","QUIC","66","Protected Payload (KP0)"
"606","32.640223","10.0.0.216","63.182.85.211","TLSv1.2","89","Application Data"
"607","32.882603","63.182.85.211","10.0.0.216","TLSv1.2","85","Application Data"
"608","32.932254","10.0.0.216","63.182.85.211","TCP","54","57066  >  443 [ACK] Seq=36 Ack=88877 Win=251 Len=0"
"609","33.046377","10.0.0.216","142.250.195.174","QUIC","1288","Protected Payload (KP0), DCID=e6f9317ddbfd67a5"
"610","33.046407","10.0.0.216","142.250.195.174","QUIC","1292","Protected Payload (KP0), DCID=e6f9317ddbfd67a5"
"611","33.046418","10.0.0.216","142.250.195.174","QUIC","1292","Protected Payload (KP0), DCID=e6f9317ddbfd67a5"
"612","33.046432","10.0.0.216","142.250.195.174","QUIC","1292","Protected Payload (KP0), DCID=e6f9317ddbfd67a5"
"613","33.046447","10.0.0.216","142.250.195.174","QUIC","329","Protected Payload (KP0), DCID=e6f9317ddbfd67a5"
"614","33.059125","TechnicolorD_a5:3d:7c","Broadcast","ARP","60","Who has 10.0.0.98? Tell 10.0.0.138"
"615","33.063434","142.250.195.174","10.0.0.216","QUIC","69","Protected Payload (KP0)"
"616","33.065927","142.250.195.174","10.0.0.216","QUIC","65","Protected Payload (KP0)"
"617","33.089813","10.0.0.216","142.250.195.174","QUIC","74","Protected Payload (KP0), DCID=e6f9317ddbfd67a5"
"618","33.091769","142.250.195.174","10.0.0.216","QUIC","66","Protected Payload (KP0)"
"619","33.194245","142.250.195.174","10.0.0.216","QUIC","718","Protected Payload (KP0)"
"620","33.196364","142.250.195.174","10.0.0.216","QUIC","119","Protected Payload (KP0)"
"621","33.196475","10.0.0.216","142.250.195.174","QUIC","77","Protected Payload (KP0), DCID=e6f9317ddbfd67a5"
"622","33.236702","142.250.195.174","10.0.0.216","QUIC","66","Protected Payload (KP0)"
"623","33.547645","162.159.134.234","10.0.0.216","TLSv1.2","185","Application Data"
"624","33.592632","10.0.0.216","162.159.134.234","TCP","54","55864  >  443 [ACK] Seq=122 Ack=472 Win=252 Len=0"
"625","34.065973","TechnicolorD_a5:3d:7c","Broadcast","ARP","60","Who has 10.0.0.215? Tell 10.0.0.138"
"626","34.556240","10.0.0.216","35.186.224.35","TLSv1.2","89","Application Data"
"627","34.559279","35.186.224.35","10.0.0.216","TCP","60","443  >  57189 [ACK] Seq=1 Ack=71 Win=1051 Len=0"
"628","34.665068","140.82.114.25","10.0.0.216","TLSv1.2","95","Application Data"
"629","34.665273","10.0.0.216","140.82.114.25","TLSv1.2","99","Ignored Unknown Record"
"630","34.877375","140.82.114.25","10.0.0.216","TCP","60","443  >  61058 [ACK] Seq=42 Ack=47 Win=76 Len=0"
"631","34.991605","142.250.195.234","10.0.0.216","UDP","202","443  >  53034 Len=160"
"632","34.996839","10.0.0.216","142.250.195.234","UDP","75","53034  >  443 Len=33"
"633","35.073012","TechnicolorD_a5:3d:7c","Broadcast","ARP","60","Who has 10.0.0.98? Tell 10.0.0.138"
"634","35.312501","10.0.0.216","3.124.160.96","ICMP","74","Echo (ping) request  id=0x0001, seq=1219/49924, ttl=128 (no response found!)"
"635","35.814641","10.0.0.216","3.124.160.96","TCP","66","62026  >  443 [SYN] Seq=0 Win=64240 Len=0 MSS=1460 WS=256 SACK_PERM"
"636","36.055862","3.124.160.96","10.0.0.216","TCP","66","443  >  62026 [SYN, ACK] Seq=0 Ack=1 Win=26883 Len=0 MSS=1460 SACK_PERM WS=256"
"637","36.055940","10.0.0.216","3.124.160.96","TCP","54","62026  >  443 [ACK] Seq=1 Ack=1 Win=65536 Len=0"
"638","36.056036","10.0.0.216","3.124.160.96","TCP","54","62026  >  443 [FIN, ACK] Seq=1 Ack=1 Win=65536 Len=0"
"639","36.298089","3.124.160.96","10.0.0.216","TCP","60","443  >  62026 [FIN, ACK] Seq=1 Ack=2 Win=27136 Len=0"
"640","36.298148","10.0.0.216","3.124.160.96","TCP","54","62026  >  443 [ACK] Seq=2 Ack=2 Win=65536 Len=0"
"641","36.300366","10.0.0.102","10.0.0.255","UDP","348","49718  >  5002 Len=306"
"642","36.306975","10.0.0.88","10.0.0.255","UDP","348","51245  >  5002 Len=306"
"643","36.509061","142.250.195.234","10.0.0.216","UDP","122","443  >  53034 Len=80"
"644","36.515449","10.0.0.216","142.250.195.234","UDP","75","53034  >  443 Len=33"
"645","36.578127","10.0.0.216","23.218.42.32","QUIC","71","Protected Payload (KP0), DCID=1a2af64b2480cb2c"
"646","36.606272","23.218.42.32","10.0.0.216","QUIC","66","Protected Payload (KP0)"
"647","36.674071","10.0.0.216","140.82.114.25","TCP","54","61058  >  443 [FIN, ACK] Seq=47 Ack=42 Win=255 Len=0"
"648","36.879210","140.82.114.25","10.0.0.216","TLSv1.2","78","Application Data"
"649","36.879275","10.0.0.216","140.82.114.25","TCP","54","61058  >  443 [RST, ACK] Seq=48 Ack=66 Win=0 Len=0"
"650","36.879311","140.82.114.25","10.0.0.216","TCP","60","443  >  61058 [FIN, ACK] Seq=66 Ack=47 Win=76 Len=0"
"651","36.886350","140.82.114.25","10.0.0.216","TCP","60","443  >  61058 [ACK] Seq=67 Ack=48 Win=76 Len=0"
"652","36.906901","142.250.195.234","10.0.0.216","UDP","122","443  >  53034 Len=80"
"653","36.912254","10.0.0.216","142.250.195.234","UDP","75","53034  >  443 Len=33"
"654","37.045774","fe80::8d08:7b:e2d8:e6b3","fe80::1213:31ff:fea5:3d7c","DNS","96","Standard query 0xfcfe HTTPS alive.github.com"
"655","37.045947","fe80::8d08:7b:e2d8:e6b3","fe80::1213:31ff:fea5:3d7c","DNS","96","Standard query 0xce4e A alive.github.com"
"656","37.058818","fe80::1213:31ff:fea5:3d7c","fe80::8d08:7b:e2d8:e6b3","DNS","180","Standard query response 0xfcfe HTTPS alive.github.com CNAME live.github.com SOA dns1.p08.nsone.net"
"657","37.059644","fe80::1213:31ff:fea5:3d7c","fe80::8d08:7b:e2d8:e6b3","DNS","131","Standard query response 0xce4e A alive.github.com CNAME live.github.com A 140.82.112.26"
"658","37.059933","10.0.0.216","140.82.112.26","TCP","66","62028  >  443 [SYN] Seq=0 Win=64240 Len=0 MSS=1460 WS=256 SACK_PERM"
"659","37.293676","140.82.112.26","10.0.0.216","TCP","66","443  >  62028 [SYN, ACK] Seq=0 Ack=1 Win=65535 Len=0 MSS=1436 SACK_PERM WS=1024"
"660","37.293748","10.0.0.216","140.82.112.26","TCP","54","62028  >  443 [ACK] Seq=1 Ack=1 Win=66048 Len=0"
"661","37.294149","10.0.0.216","140.82.112.26","TLSv1.3","1943","Client Hello (SNI=alive.github.com)"
"662","37.528708","140.82.112.26","10.0.0.216","TCP","60","443  >  62028 [ACK] Seq=1 Ack=1890 Win=71680 Len=0"
"663","37.530288","140.82.112.26","10.0.0.216","TLSv1.3","1490","Server Hello, Change Cipher Spec, Application Data"
"664","37.531188","140.82.112.26","10.0.0.216","TCP","1490","443  >  62028 [PSH, ACK] Seq=1437 Ack=1890 Win=71680 Len=1436 [TCP segment of a reassembled PDU]"
"665","37.531213","10.0.0.216","140.82.112.26","TCP","54","62028  >  443 [ACK] Seq=1890 Ack=2873 Win=66048 Len=0"
"666","37.531423","140.82.112.26","10.0.0.216","TLSv1.3","282","Application Data, Application Data, Application Data"
"667","37.532710","10.0.0.216","140.82.112.26","TLSv1.3","118","Change Cipher Spec, Application Data"
"668","37.532878","10.0.0.216","140.82.112.26","TLSv1.3","832","Application Data"
"669","37.669475","10.0.0.216","142.250.195.129","TCP","55","61874  >  443 [ACK] Seq=1 Ack=1 Win=259 Len=1 [TCP segment of a reassembled PDU]"
"670","37.684353","142.250.195.129","10.0.0.216","TCP","66","443  >  61874 [ACK] Seq=1 Ack=2 Win=1044 Len=0 SLE=1 SRE=2"
"671","37.765546","140.82.112.26","10.0.0.216","TLSv1.3","133","Application Data"
"672","37.765664","140.82.112.26","10.0.0.216","TLSv1.3","133","Application Data"
"673","37.765691","10.0.0.216","140.82.112.26","TCP","54","62028  >  443 [ACK] Seq=2732 Ack=3259 Win=65536 Len=0"
"674","37.779401","140.82.112.26","10.0.0.216","TLSv1.3","642","Application Data"
"675","37.780543","10.0.0.216","140.82.112.26","TLSv1.3","105","Application Data"
"676","38.054982","140.82.112.26","10.0.0.216","TCP","60","443  >  62028 [ACK] Seq=3847 Ack=2783 Win=74752 Len=0"
